City: Bordeauc, Country: France, Date: 18-02-2024
City: Barossa and McLaren Vale, Country: Australia, Date: 18-02-2024
City: Médoc, Pessac-Léognan, Country: France, Date: 18-02-2024
City: Pomerol, St.-Emilion, Country: France, Date: 18-02-2024
City: Côtes de Nuits, Country: France, Date: 18-02-2024
City: Tuscany, Bolgheri, Maremma, Country: Italy, Date: 18-02-2024
City: Tuscany, Brunello di Montalcino, Country: Italy, Date: 18-02-2024
City: Carneros, Country: United States, Date: 18-02-2024
City: Barossa and McLaren Vale, Country: Australia, Date: 18-02-2024
City: Médoc, Pessac-Léognan, Country: France, Date: 18-02-2024
City: Pomerol, St.-Emilion, Country: France, Date: 18-02-2024
City: Côtes de Nuits, Country: France, Date: 18-02-2024
City: Riesling, Country: Germany, Date: 18-02-2024
City: Carneros, Country: United States, Date: 18-02-2024
City: Barossa and McLaren Vale, Country: Australia, Date: 18-02-2024
City: Médoc, Pessac-Léognan, Country: France, Date: 18-02-2024
City: Pomerol, St.-Emilion, Country: France, Date: 18-02-2024
City: Côtes de Nuits, Country: France, Date: 18-02-2024
City: Riesling, Country: Germany, Date: 18-02-2024
City: Tuscany, Bolgheri, Maremma, Country: Italy, Date: 18-02-2024
City: Tuscany, Brunello di Montalcino, Country: Italy, Date: 18-02-2024
City: Douro Valley, Country: Portugal, Date: 18-02-2024
City: Carneros, Country: United States, Date: 18-02-2024
City: Barossa and McLaren Vale, Country: Australia, Date: 18-02-2024
City: Médoc, Pessac-Léognan, Country: France, Date: 18-02-2024
City: Pomerol, St.-Emilion, Country: France, Date: 18-02-2024
City: Côtes de Nuits, Country: France, Date: 18-02-2024
City: Riesling, Country: Germany, Date: 18-02-2024
City: Tuscany, Bolgheri, Maremma, Country: Italy, Date: 18-02-2024
City: Tuscany, Brunello di Montalcino, Country: Italy, Date: 18-02-2024
City: Douro Valley, Country: Portugal, Date: 18-02-2024
City: Carneros, Country: United States, Date: 18-02-2024
City: Barossa and McLaren Vale, Country: Australia, Date: 18-02-2024
City: Médoc, Pessac-Léognan, Country: France, Date: 18-02-2024
City: Pomerol, St.-Emilion, Country: France, Date: 18-02-2024
City: Côtes de Nuits, Country: France, Date: 18-02-2024
City: Riesling, Country: Germany, Date: 18-02-2024
City: Tuscany, Bolgheri, Maremma, Country: Italy, Date: 18-02-2024
City: Tuscany, Brunello di Montalcino, Country: Italy, Date: 18-02-2024
City: Douro Valley, Country: Portugal, Date: 18-02-2024
City: Carneros, Country: United States, Date: 18-02-2024
City: Los Carneros, Country: United States, Date: 18-02-2024
City: Pessac-Léognan, Country: France, Date: 18-02-2024
City: Côtes de Nuits, Country: France, Date: 18-02-2024
City: Riesling, Country: Germany, Date: 18-02-2024
City: Mosel, Country: Germany, Date: 18-02-2024
City: Douro, Country: Portugal, Date: 18-02-2024
